{
    "data": [
        {
            "frame_index": 1,
            "skeleton": [
                {
                    "pose": [
                        872.0556640625,
                        601.8687744140625,
                        867.7379760742188,
                        597.5538330078125,
                        866.2987670898438,
                        598.9921875,
                        847.5888671875,
                        616.251708984375,
                        905.1578369140625,
                        725.5620422363281,
                        847.5888671875,
                        653.6473388671875,
                        903.7186279296875,
                        637.8261108398438,
                        834.6359252929688,
                        703.9876098632812,
                        938.2598876953125,
                        683.8515014648438,
                        821.682861328125,
                        741.3832397460938,
                        951.2129516601562,
                        721.2471313476562,
                        886.4479370117188,
                        727.0003051757812,
                        923.8677368164062,
                        724.123779296875,
                        840.3927612304688,
                        767.2725830078125,
                        952.6521606445312,
                        771.58740234375,
                        834.6359252929688,
                        833.4340209960938,
                        988.6327514648438,
                        827.680908203125
                    ],
                    "score": [
                        1,
                        1,
                        1,
                        1,
                        1,
                        1,
                        1,
                        1,
                        1,
                        1,
                        1,
                        1,
                        1,
                        1,
                        1,
                        1,
                        1
                    ]
                }
            ]
        },
        {
            "frame_index": 2,
            "skeleton": [
                {
                    "pose": [
                        864.839599609375,
                        603.0549926757812,
                        863.405029296875,
                        598.7484130859375,
                        860.5361328125,
                        601.6194458007812,
                        840.4532470703125,
                        617.4099731445312,
                        899.2672424316406,
                        727.2256774902344,
                        840.4532470703125,
                        654.7329711914062,
                        896.3983154296875,
                        638.9424438476562,
                        828.9774169921875,
                        697.7979125976562,
                        933.6949462890625,
                        683.4429321289062,
                        820.3704833984375,
                        733.6854248046875,
                        949.4743041992188,
                        719.3304443359375,
                        880.6189575195312,
                        729.37890625,
                        917.91552734375,
                        725.0724487304688,
                        834.7153930664062,
                        769.5729370117188,
                        948.0398559570312,
                        769.5729370117188,
                        836.1498413085938,
                        839.9124145507812,
                        983.9019165039062,
                        819.8154296875
                    ],
                    "score": [
                        1,
                        1,
                        1,
                        1,
                        1,
                        1,
                        1,
                        1,
                        1,
                        1,
                        1,
                        1,
                        1,
                        1,
                        1,
                        1,
                        1
                    ]
                }
            ]
        },
        {
            "frame_index": 3,
            "skeleton": [
                {
                    "pose": [
                        854.203857421875,
                        601.9853515625,
                        852.767333984375,
                        597.6757202148438,
                        848.4578247070312,
                        597.6757202148438,
                        831.2195434570312,
                        614.9141235351562,
                        885.8071899414062,
                        722.6544189453125,
                        829.7830200195312,
                        652.2640991210938,
                        888.6802978515625,
                        637.8987426757812,
                        819.7274169921875,
                        695.3601684570312,
                        924.5932006835938,
                        678.1217651367188,
                        816.8544311523438,
                        721.2178344726562,
                        947.577392578125,
                        715.4717407226562,
                        867.1324462890625,
                        722.6544189453125,
                        904.48193359375,
                        722.6544189453125,
                        828.3465576171875,
                        772.9331665039062,
                        940.3948364257812,
                        768.6235961914062,
                        835.5291137695312,
                        841.886962890625,
                        982.0538330078125,
                        820.3389282226562
                    ],
                    "score": [
                        1,
                        1,
                        1,
                        1,
                        1,
                        1,
                        1,
                        1,
                        1,
                        1,
                        1,
                        1,
                        1,
                        1,
                        1,
                        1,
                        1
                    ]
                }
            ]
        },
        {
            "frame_index": 4,